"files","Temp","Laser_power","Laser_Detuning"
"https://raw.githubusercontent.com/rach6230/Dash_app_Systematic_Testing/main/M-LOOP/V2/3D_Hanle_Sweep_365.280329_uW_3.11372_GHz_123.686725_C_21_02_21_%5B194056%5D",123.686725,365.280329,3.11372
"https://raw.githubusercontent.com/rach6230/Dash_app_Systematic_Testing/main/M-LOOP/V2/3D_Hanle_Sweep_425.335527_uW_5.218422_GHz_119.52755_C_21_02_21_%5B184321%5D",119.52755,425.335527,5.218422
"https://raw.githubusercontent.com/rach6230/Dash_app_Systematic_Testing/main/M-LOOP/V2/3D_Hanle_Sweep_452.483492_uW_5.065792_GHz_116.361975_C_21_02_21_%5B122441%5D",116.361975,452.483492,5.065792
"https://raw.githubusercontent.com/rach6230/Dash_app_Systematic_Testing/main/M-LOOP/V2/3D_Hanle_Sweep_452.964896_uW_0.771819_GHz_127.009025_C_21_02_21_%5B064345%5D",127.009025,452.964896,0.771819
"https://raw.githubusercontent.com/rach6230/Dash_app_Systematic_Testing/main/M-LOOP/V2/3D_Hanle_Sweep_480.536943_uW_5.517524_GHz_126.22935_C_21_02_21_%5B003249%5D",126.22935,480.536943,5.517524
"https://raw.githubusercontent.com/rach6230/Dash_app_Systematic_Testing/main/M-LOOP/V2/3D_Hanle_Sweep_481.106276_uW_3.514091_GHz_124.5614_C_21_02_21_%5B032344%5D",124.5614,481.106276,3.514091
"https://raw.githubusercontent.com/rach6230/Dash_app_Systematic_Testing/main/M-LOOP/V2/3D_Hanle_Sweep_509.521755_uW_2.301322_GHz_125.06535_C_21_02_21_%5B010219%5D",125.06535,509.521755,2.301322
"https://raw.githubusercontent.com/rach6230/Dash_app_Systematic_Testing/main/M-LOOP/V2/3D_Hanle_Sweep_527.878822_uW_0.523017_GHz_125.2301_C_21_02_21_%5B051241%5D",125.2301,527.878822,0.523017
"https://raw.githubusercontent.com/rach6230/Dash_app_Systematic_Testing/main/M-LOOP/V2/3D_Hanle_Sweep_542.566894_uW_4.55967_GHz_115.446975_C_21_02_21_%5B131806%5D",115.446975,542.566894,4.55967
"https://raw.githubusercontent.com/rach6230/Dash_app_Systematic_Testing/main/M-LOOP/V2/3D_Hanle_Sweep_549.979196_uW_5.178283_GHz_122.9948_C_21_02_21_%5B022820%5D",122.9948,549.979196,5.178283
"https://raw.githubusercontent.com/rach6230/Dash_app_Systematic_Testing/main/M-LOOP/V2/3D_Hanle_Sweep_553.922087_uW_6.081466_GHz_119.523875_C_21_02_20_%5B223922%5D",119.523875,553.922087,6.081466
"https://raw.githubusercontent.com/rach6230/Dash_app_Systematic_Testing/main/M-LOOP/V2/3D_Hanle_Sweep_559.171358_uW_2.841791_GHz_113.76865_C_21_02_21_%5B125112%5D",113.76865,559.171358,2.841791
"https://raw.githubusercontent.com/rach6230/Dash_app_Systematic_Testing/main/M-LOOP/V2/3D_Hanle_Sweep_576.534851_uW_3.925132_GHz_124.006475_C_21_02_20_%5B230855%5D",124.006475,576.534851,3.925132
"https://raw.githubusercontent.com/rach6230/Dash_app_Systematic_Testing/main/M-LOOP/V2/3D_Hanle_Sweep_581.591999_uW_5.429244_GHz_101.294775_C_21_02_20_%5B201617%5D",101.294775,581.591999,5.429244
"https://raw.githubusercontent.com/rach6230/Dash_app_Systematic_Testing/main/M-LOOP/V2/3D_Hanle_Sweep_582.838956_uW_3.432803_GHz_117.0096_C_21_02_21_%5B041615%5D",117.0096,582.838956,3.432803
"https://raw.githubusercontent.com/rach6230/Dash_app_Systematic_Testing/main/M-LOOP/V2/3D_Hanle_Sweep_588.163019_uW_6.381602_GHz_105.373525_C_21_02_20_%5B174023%5D",105.373525,588.163019,6.381602
"https://raw.githubusercontent.com/rach6230/Dash_app_Systematic_Testing/main/M-LOOP/V2/3D_Hanle_Sweep_588.914765_uW_3.892528_GHz_107.318525_C_21_02_21_%5B153343%5D",107.318525,588.914765,3.892528
"https://raw.githubusercontent.com/rach6230/Dash_app_Systematic_Testing/main/M-LOOP/V2/3D_Hanle_Sweep_590.096837_uW_5.999395_GHz_113.2647_C_21_02_21_%5B150801%5D",113.2647,590.096837,5.999395
"https://raw.githubusercontent.com/rach6230/Dash_app_Systematic_Testing/main/M-LOOP/V2/3D_Hanle_Sweep_600.755882_uW_6.508674_GHz_102.76595_C_21_02_21_%5B162632%5D",102.76595,600.755882,6.508674
"https://raw.githubusercontent.com/rach6230/Dash_app_Systematic_Testing/main/M-LOOP/V2/3D_Hanle_Sweep_602.120489_uW_6.361746_GHz_99.62235_C_21_02_21_%5B170410%5D",99.62235,602.120489,6.361746
"https://raw.githubusercontent.com/rach6230/Dash_app_Systematic_Testing/main/M-LOOP/V2/3D_Hanle_Sweep_602.178949_uW_0.559172_GHz_115.19385_C_21_02_21_%5B030024%5D",115.19385,602.178949,0.559172
"https://raw.githubusercontent.com/rach6230/Dash_app_Systematic_Testing/main/M-LOOP/V2/3D_Hanle_Sweep_602.267356_uW_7.395024_GHz_100.0926_C_21_02_21_%5B183036%5D",100.0926,602.267356,7.395024
"https://raw.githubusercontent.com/rach6230/Dash_app_Systematic_Testing/main/M-LOOP/V2/3D_Hanle_Sweep_602.397238_uW_0.745158_GHz_110.67405_C_21_02_21_%5B030515%5D",110.67405,602.397238,0.745158
"https://raw.githubusercontent.com/rach6230/Dash_app_Systematic_Testing/main/M-LOOP/V2/3D_Hanle_Sweep_602.680511_uW_2.810578_GHz_98.3374_C_21_02_21_%5B195054%5D",98.3374,602.680511,2.810578
"https://raw.githubusercontent.com/rach6230/Dash_app_Systematic_Testing/main/M-LOOP/V2/3D_Hanle_Sweep_603.026031_uW_2.733883_GHz_108.167625_C_21_02_21_%5B033326%5D",108.167625,603.026031,2.733883
"https://raw.githubusercontent.com/rach6230/Dash_app_Systematic_Testing/main/M-LOOP/V2/3D_Hanle_Sweep_603.829565_uW_7.176846_GHz_106.03345_C_21_02_20_%5B235121%5D",106.03345,603.829565,7.176846
"https://raw.githubusercontent.com/rach6230/Dash_app_Systematic_Testing/main/M-LOOP/V2/3D_Hanle_Sweep_605.212581_uW_7.780295_GHz_99.630325_C_21_02_21_%5B152306%5D",99.630325,605.212581,7.780295
"https://raw.githubusercontent.com/rach6230/Dash_app_Systematic_Testing/main/M-LOOP/V2/3D_Hanle_Sweep_605.378105_uW_0.800352_GHz_100.841075_C_21_02_21_%5B023747%5D",100.841075,605.378105,0.800352
"https://raw.githubusercontent.com/rach6230/Dash_app_Systematic_Testing/main/M-LOOP/V2/3D_Hanle_Sweep_606.632476_uW_7.780295_GHz_99.582875_C_21_02_21_%5B140205%5D",99.582875,606.632476,7.780295
"https://raw.githubusercontent.com/rach6230/Dash_app_Systematic_Testing/main/M-LOOP/V2/3D_Hanle_Sweep_606.839706_uW_7.780295_GHz_99.855825_C_21_02_21_%5B154400%5D",99.855825,606.839706,7.780295
"https://raw.githubusercontent.com/rach6230/Dash_app_Systematic_Testing/main/M-LOOP/V2/3D_Hanle_Sweep_607.037973_uW_4.409948_GHz_99.609775_C_21_02_21_%5B175832%5D",99.609775,607.037973,4.409948
"https://raw.githubusercontent.com/rach6230/Dash_app_Systematic_Testing/main/M-LOOP/V2/3D_Hanle_Sweep_607.373497_uW_0.700335_GHz_113.052525_C_21_02_21_%5B052323%5D",113.052525,607.373497,0.700335
"https://raw.githubusercontent.com/rach6230/Dash_app_Systematic_Testing/main/M-LOOP/V2/3D_Hanle_Sweep_608.01064_uW_7.780295_GHz_100.35555_C_21_02_21_%5B135706%5D",100.35555,608.01064,7.780295
"https://raw.githubusercontent.com/rach6230/Dash_app_Systematic_Testing/main/M-LOOP/V2/3D_Hanle_Sweep_608.123545_uW_2.263932_GHz_99.874175_C_21_02_21_%5B173727%5D",99.874175,608.123545,2.263932
"https://raw.githubusercontent.com/rach6230/Dash_app_Systematic_Testing/main/M-LOOP/V2/3D_Hanle_Sweep_608.734482_uW_7.615564_GHz_107.806175_C_21_02_21_%5B045246%5D",107.806175,608.734482,7.615564
"https://raw.githubusercontent.com/rach6230/Dash_app_Systematic_Testing/main/M-LOOP/V2/3D_Hanle_Sweep_608.753778_uW_6.206802_GHz_100.753975_C_21_02_20_%5B211848%5D",100.753975,608.753778,6.206802
"https://raw.githubusercontent.com/rach6230/Dash_app_Systematic_Testing/main/M-LOOP/V2/3D_Hanle_Sweep_608.892049_uW_5.245524_GHz_100.0373_C_21_02_21_%5B185834%5D",100.0373,608.892049,5.245524
"https://raw.githubusercontent.com/rach6230/Dash_app_Systematic_Testing/main/M-LOOP/V2/3D_Hanle_Sweep_609.081686_uW_1.935034_GHz_111.830325_C_21_02_20_%5B234616%5D",111.830325,609.081686,1.935034
"https://raw.githubusercontent.com/rach6230/Dash_app_Systematic_Testing/main/M-LOOP/V2/3D_Hanle_Sweep_609.217361_uW_2.837167_GHz_99.817_C_21_02_21_%5B195600%5D",99.817,609.217361,2.837167
"https://raw.githubusercontent.com/rach6230/Dash_app_Systematic_Testing/main/M-LOOP/V2/3D_Hanle_Sweep_609.394003_uW_3.523459_GHz_117.55545_C_21_02_21_%5B034918%5D",117.55545,609.394003,3.523459
"https://raw.githubusercontent.com/rach6230/Dash_app_Systematic_Testing/main/M-LOOP/V2/3D_Hanle_Sweep_611.001312_uW_0.150271_GHz_117.563425_C_21_02_21_%5B040524%5D",117.563425,611.001312,0.150271
"https://raw.githubusercontent.com/rach6230/Dash_app_Systematic_Testing/main/M-LOOP/V2/3D_Hanle_Sweep_611.035863_uW_2.555968_GHz_100.604525_C_21_02_21_%5B185316%5D",100.604525,611.035863,2.555968
"https://raw.githubusercontent.com/rach6230/Dash_app_Systematic_Testing/main/M-LOOP/V2/3D_Hanle_Sweep_611.07314_uW_0.253462_GHz_116.8632_C_21_02_21_%5B014044%5D",116.8632,611.07314,0.253462
"https://raw.githubusercontent.com/rach6230/Dash_app_Systematic_Testing/main/M-LOOP/V2/3D_Hanle_Sweep_611.215096_uW_0.702435_GHz_115.65855_C_21_02_21_%5B010722%5D",115.65855,611.215096,0.702435
"https://raw.githubusercontent.com/rach6230/Dash_app_Systematic_Testing/main/M-LOOP/V2/3D_Hanle_Sweep_611.609482_uW_7.741168_GHz_98.17535_C_21_02_21_%5B164221%5D",98.17535,611.609482,7.741168
"https://raw.githubusercontent.com/rach6230/Dash_app_Systematic_Testing/main/M-LOOP/V2/3D_Hanle_Sweep_612.076484_uW_0.585801_GHz_114.3677_C_21_02_21_%5B043158%5D",114.3677,612.076484,0.585801
"https://raw.githubusercontent.com/rach6230/Dash_app_Systematic_Testing/main/M-LOOP/V2/3D_Hanle_Sweep_612.299738_uW_7.780295_GHz_100.108075_C_21_02_21_%5B154900%5D",100.108075,612.299738,7.780295
"https://raw.githubusercontent.com/rach6230/Dash_app_Systematic_Testing/main/M-LOOP/V2/3D_Hanle_Sweep_612.466521_uW_5.795243_GHz_116.251225_C_21_02_21_%5B021611%5D",116.251225,612.466521,5.795243
"https://raw.githubusercontent.com/rach6230/Dash_app_Systematic_Testing/main/M-LOOP/V2/3D_Hanle_Sweep_612.682078_uW_7.780295_GHz_100.353525_C_21_02_21_%5B142547%5D",100.353525,612.682078,7.780295
"https://raw.githubusercontent.com/rach6230/Dash_app_Systematic_Testing/main/M-LOOP/V2/3D_Hanle_Sweep_613.278593_uW_7.780295_GHz_100.582125_C_21_02_21_%5B133324%5D",100.582125,613.278593,7.780295
"https://raw.githubusercontent.com/rach6230/Dash_app_Systematic_Testing/main/M-LOOP/V2/3D_Hanle_Sweep_613.391272_uW_0.178307_GHz_104.843375_C_21_02_21_%5B021004%5D",104.843375,613.391272,0.178307
"https://raw.githubusercontent.com/rach6230/Dash_app_Systematic_Testing/main/M-LOOP/V2/3D_Hanle_Sweep_613.526277_uW_0.443333_GHz_104.11675_C_21_02_21_%5B052802%5D",104.11675,613.526277,0.443333
"https://raw.githubusercontent.com/rach6230/Dash_app_Systematic_Testing/main/M-LOOP/V2/3D_Hanle_Sweep_613.541876_uW_2.315227_GHz_116.09895_C_21_02_20_%5B203733%5D",116.09895,613.541876,2.315227
"https://raw.githubusercontent.com/rach6230/Dash_app_Systematic_Testing/main/M-LOOP/V2/3D_Hanle_Sweep_615.063094_uW_7.532813_GHz_105.4323_C_21_02_21_%5B024307%5D",105.4323,615.063094,7.532813
"https://raw.githubusercontent.com/rach6230/Dash_app_Systematic_Testing/main/M-LOOP/V2/3D_Hanle_Sweep_616.404875_uW_7.780295_GHz_99.577575_C_21_02_21_%5B145651%5D",99.577575,616.404875,7.780295
"https://raw.githubusercontent.com/rach6230/Dash_app_Systematic_Testing/main/M-LOOP/V2/3D_Hanle_Sweep_616.575643_uW_7.780295_GHz_100.05305_C_21_02_21_%5B130133%5D",100.05305,616.575643,7.780295
"https://raw.githubusercontent.com/rach6230/Dash_app_Systematic_Testing/main/M-LOOP/V2/3D_Hanle_Sweep_617.129112_uW_1.571056_GHz_114.88435_C_21_02_20_%5B215629%5D",114.88435,617.129112,1.571056
"https://raw.githubusercontent.com/rach6230/Dash_app_Systematic_Testing/main/M-LOOP/V2/3D_Hanle_Sweep_617.550465_uW_3.188683_GHz_113.61285_C_21_02_20_%5B210900%5D",113.61285,617.550465,3.188683
"https://raw.githubusercontent.com/rach6230/Dash_app_Systematic_Testing/main/M-LOOP/V2/3D_Hanle_Sweep_617.601385_uW_1.828158_GHz_117.2371_C_21_02_20_%5B212457%5D",117.2371,617.601385,1.828158
"https://raw.githubusercontent.com/rach6230/Dash_app_Systematic_Testing/main/M-LOOP/V2/3D_Hanle_Sweep_618.025765_uW_2.653258_GHz_100.591225_C_21_02_21_%5B170934%5D",100.591225,618.025765,2.653258
"https://raw.githubusercontent.com/rach6230/Dash_app_Systematic_Testing/main/M-LOOP/V2/3D_Hanle_Sweep_618.280248_uW_0.947466_GHz_109.28165_C_21_02_21_%5B033826%5D",109.28165,618.280248,0.947466
"https://raw.githubusercontent.com/rach6230/Dash_app_Systematic_Testing/main/M-LOOP/V2/3D_Hanle_Sweep_618.471046_uW_5.764716_GHz_112.20355_C_21_02_21_%5B181512%5D",112.20355,618.471046,5.764716
"https://raw.githubusercontent.com/rach6230/Dash_app_Systematic_Testing/main/M-LOOP/V2/3D_Hanle_Sweep_618.529343_uW_6.13064_GHz_99.58505_C_21_02_21_%5B163706%5D",99.58505,618.529343,6.13064
"https://raw.githubusercontent.com/rach6230/Dash_app_Systematic_Testing/main/M-LOOP/V2/3D_Hanle_Sweep_619.675941_uW_1.358129_GHz_99.633125_C_21_02_21_%5B192053%5D",99.633125,619.675941,1.358129
"https://raw.githubusercontent.com/rach6230/Dash_app_Systematic_Testing/main/M-LOOP/V2/3D_Hanle_Sweep_619.926797_uW_0.756805_GHz_110.629225_C_21_02_20_%5B213449%5D",110.629225,619.926797,0.756805
"https://raw.githubusercontent.com/rach6230/Dash_app_Systematic_Testing/main/M-LOOP/V2/3D_Hanle_Sweep_620.078955_uW_4.470421_GHz_114.47815_C_21_02_20_%5B180125%5D",114.47815,620.078955,4.470421
"https://raw.githubusercontent.com/rach6230/Dash_app_Systematic_Testing/main/M-LOOP/V2/3D_Hanle_Sweep_621.191185_uW_3.391064_GHz_111.1698_C_21_02_20_%5B181133%5D",111.1698,621.191185,3.391064
"https://raw.githubusercontent.com/rach6230/Dash_app_Systematic_Testing/main/M-LOOP/V2/3D_Hanle_Sweep_621.878426_uW_5.075274_GHz_112.26985_C_21_02_20_%5B174539%5D",112.26985,621.878426,5.075274
"https://raw.githubusercontent.com/rach6230/Dash_app_Systematic_Testing/main/M-LOOP/V2/3D_Hanle_Sweep_621.878426_uW_6.050418_GHz_114.5039_C_21_02_21_%5B160016%5D",114.5039,621.878426,6.050418
"https://raw.githubusercontent.com/rach6230/Dash_app_Systematic_Testing/main/M-LOOP/V2/3D_Hanle_Sweep_624.101301_uW_2.990077_GHz_115.505625_C_21_02_20_%5B222239%5D",115.505625,624.101301,2.990077
"https://raw.githubusercontent.com/rach6230/Dash_app_Systematic_Testing/main/M-LOOP/V2/3D_Hanle_Sweep_624.35771_uW_7.780295_GHz_99.499775_C_21_02_21_%5B145157%5D",99.499775,624.35771,7.780295
"https://raw.githubusercontent.com/rach6230/Dash_app_Systematic_Testing/main/M-LOOP/V2/3D_Hanle_Sweep_624.472895_uW_2.621727_GHz_118.9169_C_21_02_20_%5B205324%5D",118.9169,624.472895,2.621727
"https://raw.githubusercontent.com/rach6230/Dash_app_Systematic_Testing/main/M-LOOP/V2/3D_Hanle_Sweep_624.59492_uW_0.940956_GHz_114.65745_C_21_02_20_%5B224937%5D",114.65745,624.59492,0.940956
"https://raw.githubusercontent.com/rach6230/Dash_app_Systematic_Testing/main/M-LOOP/V2/3D_Hanle_Sweep_625.421898_uW_6.479799_GHz_113.8926_C_21_02_21_%5B031049%5D",113.8926,625.421898,6.479799
"https://raw.githubusercontent.com/rach6230/Dash_app_Systematic_Testing/main/M-LOOP/V2/3D_Hanle_Sweep_625.476329_uW_7.780295_GHz_99.55695_C_21_02_21_%5B113835%5D",99.55695,625.476329,7.780295
"https://raw.githubusercontent.com/rach6230/Dash_app_Systematic_Testing/main/M-LOOP/V2/3D_Hanle_Sweep_626.270528_uW_1.958249_GHz_121.883825_C_21_02_21_%5B012940%5D",121.883825,626.270528,1.958249
"https://raw.githubusercontent.com/rach6230/Dash_app_Systematic_Testing/main/M-LOOP/V2/3D_Hanle_Sweep_629.594055_uW_2.072914_GHz_112.181825_C_21_02_21_%5B001648%5D",112.181825,629.594055,2.072914
"https://raw.githubusercontent.com/rach6230/Dash_app_Systematic_Testing/main/M-LOOP/V2/3D_Hanle_Sweep_630.498393_uW_7.740568_GHz_105.7455_C_21_02_21_%5B003726%5D",105.7455,630.498393,7.740568
"https://raw.githubusercontent.com/rach6230/Dash_app_Systematic_Testing/main/M-LOOP/V2/3D_Hanle_Sweep_630.646176_uW_1.987606_GHz_114.038175_C_21_02_20_%5B204236%5D",114.038175,630.646176,1.987606
"https://raw.githubusercontent.com/rach6230/Dash_app_Systematic_Testing/main/M-LOOP/V2/3D_Hanle_Sweep_631.530262_uW_7.560628_GHz_109.848175_C_21_02_21_%5B014559%5D",109.848175,631.530262,7.560628
"https://raw.githubusercontent.com/rach6230/Dash_app_Systematic_Testing/main/M-LOOP/V2/3D_Hanle_Sweep_631.533964_uW_6.409973_GHz_112.3521_C_21_02_21_%5B042622%5D",112.3521,631.533964,6.409973
"https://raw.githubusercontent.com/rach6230/Dash_app_Systematic_Testing/main/M-LOOP/V2/3D_Hanle_Sweep_633.200718_uW_0.731318_GHz_122.7352_C_21_02_21_%5B134657%5D",122.7352,633.200718,0.731318
"https://raw.githubusercontent.com/rach6230/Dash_app_Systematic_Testing/main/M-LOOP/V2/3D_Hanle_Sweep_633.421292_uW_7.780295_GHz_100.58815_C_21_02_21_%5B161015%5D",100.58815,633.421292,7.780295
"https://raw.githubusercontent.com/rach6230/Dash_app_Systematic_Testing/main/M-LOOP/V2/3D_Hanle_Sweep_633.470811_uW_7.402832_GHz_110.994725_C_21_02_21_%5B045753%5D",110.994725,633.470811,7.402832
"https://raw.githubusercontent.com/rach6230/Dash_app_Systematic_Testing/main/M-LOOP/V2/3D_Hanle_Sweep_633.481348_uW_6.693573_GHz_112.8512_C_21_02_21_%5B011754%5D",112.8512,633.481348,6.693573
"https://raw.githubusercontent.com/rach6230/Dash_app_Systematic_Testing/main/M-LOOP/V2/3D_Hanle_Sweep_634.327045_uW_3.453084_GHz_113.803675_C_21_02_20_%5B220138%5D",113.803675,634.327045,3.453084
"https://raw.githubusercontent.com/rach6230/Dash_app_Systematic_Testing/main/M-LOOP/V2/3D_Hanle_Sweep_635.032183_uW_2.52729_GHz_122.059275_C_21_02_21_%5B025520%5D",122.059275,635.032183,2.52729
"https://raw.githubusercontent.com/rach6230/Dash_app_Systematic_Testing/main/M-LOOP/V2/3D_Hanle_Sweep_636.706668_uW_0.078421_GHz_113.213775_C_21_02_20_%5B210342%5D",113.213775,636.706668,0.078421
"https://raw.githubusercontent.com/rach6230/Dash_app_Systematic_Testing/main/M-LOOP/V2/3D_Hanle_Sweep_637.751578_uW_9.856008_GHz_106.906125_C_21_02_20_%5B191034%5D",106.906125,637.751578,9.856008
"https://raw.githubusercontent.com/rach6230/Dash_app_Systematic_Testing/main/M-LOOP/V2/3D_Hanle_Sweep_637.969629_uW_2.296789_GHz_107.897475_C_21_02_21_%5B001141%5D",107.897475,637.969629,2.296789
"https://raw.githubusercontent.com/rach6230/Dash_app_Systematic_Testing/main/M-LOOP/V2/3D_Hanle_Sweep_638.750049_uW_7.742973_GHz_117.766325_C_21_02_21_%5B172133%5D",117.766325,638.750049,7.742973
"https://raw.githubusercontent.com/rach6230/Dash_app_Systematic_Testing/main/M-LOOP/V2/3D_Hanle_Sweep_642.976587_uW_7.780295_GHz_100.331325_C_21_02_21_%5B130638%5D",100.331325,642.976587,7.780295
"https://raw.githubusercontent.com/rach6230/Dash_app_Systematic_Testing/main/M-LOOP/V2/3D_Hanle_Sweep_646.077245_uW_5.114099_GHz_115.58625_C_21_02_20_%5B193654%5D",115.58625,646.077245,5.114099
"https://raw.githubusercontent.com/rach6230/Dash_app_Systematic_Testing/main/M-LOOP/V2/3D_Hanle_Sweep_646.520188_uW_0.06147_GHz_107.424975_C_21_02_20_%5B212945%5D",107.424975,646.520188,0.06147
"https://raw.githubusercontent.com/rach6230/Dash_app_Systematic_Testing/main/M-LOOP/V2/3D_Hanle_Sweep_647.202239_uW_7.753994_GHz_111.033575_C_21_02_21_%5B035917%5D",111.033575,647.202239,7.753994
"https://raw.githubusercontent.com/rach6230/Dash_app_Systematic_Testing/main/M-LOOP/V2/3D_Hanle_Sweep_648.768847_uW_7.780295_GHz_99.82485_C_21_02_21_%5B121243%5D",99.82485,648.768847,7.780295
"https://raw.githubusercontent.com/rach6230/Dash_app_Systematic_Testing/main/M-LOOP/V2/3D_Hanle_Sweep_649.152608_uW_0.571596_GHz_99.604475_C_21_02_21_%5B180356%5D",99.604475,649.152608,0.571596
"https://raw.githubusercontent.com/rach6230/Dash_app_Systematic_Testing/main/M-LOOP/V2/3D_Hanle_Sweep_649.955818_uW_6.889314_GHz_98.36645_C_21_02_21_%5B192624%5D",98.36645,649.955818,6.889314
"https://raw.githubusercontent.com/rach6230/Dash_app_Systematic_Testing/main/M-LOOP/V2/3D_Hanle_Sweep_652.41544_uW_0.83258_GHz_124.62755_C_21_02_21_%5B020037%5D",124.62755,652.41544,0.83258
"https://raw.githubusercontent.com/rach6230/Dash_app_Systematic_Testing/main/M-LOOP/V2/3D_Hanle_Sweep_653.040144_uW_6.38081_GHz_112.140925_C_21_02_20_%5B221156%5D",112.140925,653.040144,6.38081
"https://raw.githubusercontent.com/rach6230/Dash_app_Systematic_Testing/main/M-LOOP/V2/3D_Hanle_Sweep_653.599354_uW_4.218304_GHz_111.800525_C_21_02_21_%5B174824%5D",111.800525,653.599354,4.218304
"https://raw.githubusercontent.com/rach6230/Dash_app_Systematic_Testing/main/M-LOOP/V2/3D_Hanle_Sweep_654.607666_uW_3.039652_GHz_99.3675_C_21_02_21_%5B173219%5D",99.3675,654.607666,3.039652
"https://raw.githubusercontent.com/rach6230/Dash_app_Systematic_Testing/main/M-LOOP/V2/3D_Hanle_Sweep_655.474754_uW_8.199055_GHz_113.1354_C_21_02_20_%5B181657%5D",113.1354,655.474754,8.199055
"https://raw.githubusercontent.com/rach6230/Dash_app_Systematic_Testing/main/M-LOOP/V2/3D_Hanle_Sweep_661.039781_uW_2.82733_GHz_115.72345_C_21_02_21_%5B000157%5D",115.72345,661.039781,2.82733
"https://raw.githubusercontent.com/rach6230/Dash_app_Systematic_Testing/main/M-LOOP/V2/3D_Hanle_Sweep_661.491706_uW_0.090006_GHz_108.1765_C_21_02_20_%5B231347%5D",108.1765,661.491706,0.090006
"https://raw.githubusercontent.com/rach6230/Dash_app_Systematic_Testing/main/M-LOOP/V2/3D_Hanle_Sweep_661.942688_uW_7.780295_GHz_99.393725_C_21_02_21_%5B143054%5D",99.393725,661.942688,7.780295
"https://raw.githubusercontent.com/rach6230/Dash_app_Systematic_Testing/main/M-LOOP/V2/3D_Hanle_Sweep_664.742147_uW_0_GHz_98.882475_C_21_02_21_%5B161553%5D",98.882475,664.742147,0
"https://raw.githubusercontent.com/rach6230/Dash_app_Systematic_Testing/main/M-LOOP/V2/3D_Hanle_Sweep_665.843878_uW_0.94695_GHz_115.52725_C_21_02_20_%5B222759%5D",115.52725,665.843878,0.94695
"https://raw.githubusercontent.com/rach6230/Dash_app_Systematic_Testing/main/M-LOOP/V2/3D_Hanle_Sweep_668.050749_uW_2.667237_GHz_112.4507_C_21_02_20_%5B180631%5D",112.4507,668.050749,2.667237
"https://raw.githubusercontent.com/rach6230/Dash_app_Systematic_Testing/main/M-LOOP/V2/3D_Hanle_Sweep_677.885465_uW_2.452229_GHz_106.382425_C_21_02_20_%5B200123%5D",106.382425,677.885465,2.452229
"https://raw.githubusercontent.com/rach6230/Dash_app_Systematic_Testing/main/M-LOOP/V2/3D_Hanle_Sweep_679.708649_uW_2.896553_GHz_100.4129_C_21_02_20_%5B194635%5D",100.4129,679.708649,2.896553
"https://raw.githubusercontent.com/rach6230/Dash_app_Systematic_Testing/main/M-LOOP/V2/3D_Hanle_Sweep_682.075324_uW_7.589103_GHz_117.007625_C_21_02_20_%5B231956%5D",117.007625,682.075324,7.589103
"https://raw.githubusercontent.com/rach6230/Dash_app_Systematic_Testing/main/M-LOOP/V2/3D_Hanle_Sweep_689.953758_uW_0.199546_GHz_99.7979_C_21_02_20_%5B201113%5D",99.7979,689.953758,0.199546
"https://raw.githubusercontent.com/rach6230/Dash_app_Systematic_Testing/main/M-LOOP/V2/3D_Hanle_Sweep_692.260729_uW_2.391858_GHz_106.618125_C_21_02_20_%5B195635%5D",106.618125,692.260729,2.391858
"https://raw.githubusercontent.com/rach6230/Dash_app_Systematic_Testing/main/M-LOOP/V2/3D_Hanle_Sweep_694.631883_uW_7.678538_GHz_116.2322_C_21_02_20_%5B192634%5D",116.2322,694.631883,7.678538
"https://raw.githubusercontent.com/rach6230/Dash_app_Systematic_Testing/main/M-LOOP/V2/3D_Hanle_Sweep_706.622113_uW_4.617234_GHz_103.9704_C_21_02_20_%5B200617%5D",103.9704,706.622113,4.617234
"https://raw.githubusercontent.com/rach6230/Dash_app_Systematic_Testing/main/M-LOOP/V2/3D_Hanle_Sweep_706.811966_uW_5.933714_GHz_117.8889_C_21_02_20_%5B175120%5D",117.8889,706.811966,5.933714
"https://raw.githubusercontent.com/rach6230/Dash_app_Systematic_Testing/main/M-LOOP/V2/3D_Hanle_Sweep_711.554203_uW_5.014641_GHz_101.9215_C_21_02_20_%5B195128%5D",101.9215,711.554203,5.014641
"https://raw.githubusercontent.com/rach6230/Dash_app_Systematic_Testing/main/M-LOOP/V2/3D_Hanle_Sweep_711.804838_uW_3.25453_GHz_107.426125_C_21_02_20_%5B172450%5D",107.426125,711.804838,3.25453
"https://raw.githubusercontent.com/rach6230/Dash_app_Systematic_Testing/main/M-LOOP/V2/3D_Hanle_Sweep_711.804838_uW_6.781585_GHz_120.202225_C_21_02_21_%5B141537%5D",120.202225,711.804838,6.781585
"https://raw.githubusercontent.com/rach6230/Dash_app_Systematic_Testing/main/M-LOOP/V2/3D_Hanle_Sweep_713.603582_uW_7.39739_GHz_103.79545_C_21_02_20_%5B194138%5D",103.79545,713.603582,7.39739
"https://raw.githubusercontent.com/rach6230/Dash_app_Systematic_Testing/main/M-LOOP/V2/3D_Hanle_Sweep_715.030204_uW_9.856008_GHz_117.8417_C_21_02_21_%5B200747%5D",117.8417,715.030204,9.856008
"https://raw.githubusercontent.com/rach6230/Dash_app_Systematic_Testing/main/M-LOOP/V2/3D_Hanle_Sweep_715.32544_uW_5.858493_GHz_109.0432_C_21_02_20_%5B184609%5D",109.0432,715.32544,5.858493
"https://raw.githubusercontent.com/rach6230/Dash_app_Systematic_Testing/main/M-LOOP/V2/3D_Hanle_Sweep_720.465953_uW_5.381407_GHz_120.407475_C_21_02_20_%5B233603%5D",120.407475,720.465953,5.381407
"https://raw.githubusercontent.com/rach6230/Dash_app_Systematic_Testing/main/M-LOOP/V2/3D_Hanle_Sweep_725.446202_uW_3.412729_GHz_112.021175_C_21_02_21_%5B165344%5D",112.021175,725.446202,3.412729
"https://raw.githubusercontent.com/rach6230/Dash_app_Systematic_Testing/main/M-LOOP/V2/3D_Hanle_Sweep_725.888532_uW_0.016705_GHz_123.845075_C_21_02_21_%5B071235%5D",123.845075,725.888532,0.016705
"https://raw.githubusercontent.com/rach6230/Dash_app_Systematic_Testing/main/M-LOOP/V2/3D_Hanle_Sweep_728.40012_uW_2.974209_GHz_112.86905_C_21_02_20_%5B202650%5D",112.86905,728.40012,2.974209
"https://raw.githubusercontent.com/rach6230/Dash_app_Systematic_Testing/main/M-LOOP/V2/3D_Hanle_Sweep_728.821538_uW_5.3357_GHz_119.455425_C_21_02_21_%5B044304%5D",119.455425,728.821538,5.3357
"https://raw.githubusercontent.com/rach6230/Dash_app_Systematic_Testing/main/M-LOOP/V2/3D_Hanle_Sweep_728.881956_uW_0.375339_GHz_110.583975_C_21_02_21_%5B053823%5D",110.583975,728.881956,0.375339
"https://raw.githubusercontent.com/rach6230/Dash_app_Systematic_Testing/main/M-LOOP/V2/3D_Hanle_Sweep_731.933987_uW_6.187671_GHz_115.392225_C_21_02_21_%5B011250%5D",115.392225,731.933987,6.187671
"https://raw.githubusercontent.com/rach6230/Dash_app_Systematic_Testing/main/M-LOOP/V2/3D_Hanle_Sweep_734.187451_uW_5.23536_GHz_125.758475_C_21_02_21_%5B115717%5D",125.758475,734.187451,5.23536
"https://raw.githubusercontent.com/rach6230/Dash_app_Systematic_Testing/main/M-LOOP/V2/3D_Hanle_Sweep_742.843128_uW_3.569072_GHz_103.353925_C_21_02_20_%5B192026%5D",103.353925,742.843128,3.569072
"https://raw.githubusercontent.com/rach6230/Dash_app_Systematic_Testing/main/M-LOOP/V2/3D_Hanle_Sweep_743.091947_uW_2.221244_GHz_118.219675_C_21_02_21_%5B065932%5D",118.219675,743.091947,2.221244
"https://raw.githubusercontent.com/rach6230/Dash_app_Systematic_Testing/main/M-LOOP/V2/3D_Hanle_Sweep_746.632552_uW_7.066121_GHz_115.771375_C_21_02_21_%5B004843%5D",115.771375,746.632552,7.066121
"https://raw.githubusercontent.com/rach6230/Dash_app_Systematic_Testing/main/M-LOOP/V2/3D_Hanle_Sweep_747.261465_uW_0_GHz_117.95025_C_21_02_21_%5B062412%5D",117.95025,747.261465,0
"https://raw.githubusercontent.com/rach6230/Dash_app_Systematic_Testing/main/M-LOOP/V2/3D_Hanle_Sweep_748.341738_uW_6.399085_GHz_101.177175_C_21_02_20_%5B172944%5D",101.177175,748.341738,6.399085
"https://raw.githubusercontent.com/rach6230/Dash_app_Systematic_Testing/main/M-LOOP/V2/3D_Hanle_Sweep_748.341738_uW_8.475284_GHz_102.115275_C_21_02_21_%5B144137%5D",102.115275,748.341738,8.475284
"https://raw.githubusercontent.com/rach6230/Dash_app_Systematic_Testing/main/M-LOOP/V2/3D_Hanle_Sweep_749.923718_uW_7.477227_GHz_106.642175_C_21_02_20_%5B232435%5D",106.642175,749.923718,7.477227
"https://raw.githubusercontent.com/rach6230/Dash_app_Systematic_Testing/main/M-LOOP/V2/3D_Hanle_Sweep_749.934895_uW_5.811474_GHz_116.5845_C_21_02_20_%5B173542%5D",116.5845,749.934895,5.811474
"https://raw.githubusercontent.com/rach6230/Dash_app_Systematic_Testing/main/M-LOOP/V2/3D_Hanle_Sweep_753.934822_uW_6.516234_GHz_100.414325_C_21_02_20_%5B224349%5D",100.414325,753.934822,6.516234
"https://raw.githubusercontent.com/rach6230/Dash_app_Systematic_Testing/main/M-LOOP/V2/3D_Hanle_Sweep_758.591137_uW_1.934475_GHz_102.205475_C_21_02_20_%5B220621%5D",102.205475,758.591137,1.934475
"https://raw.githubusercontent.com/rach6230/Dash_app_Systematic_Testing/main/M-LOOP/V2/3D_Hanle_Sweep_765.781205_uW_6.060565_GHz_117.992175_C_21_02_20_%5B214614%5D",117.992175,765.781205,6.060565
"https://raw.githubusercontent.com/rach6230/Dash_app_Systematic_Testing/main/M-LOOP/V2/3D_Hanle_Sweep_767.313839_uW_0.025803_GHz_104.195125_C_21_02_21_%5B004242%5D",104.195125,767.313839,0.025803
"https://raw.githubusercontent.com/rach6230/Dash_app_Systematic_Testing/main/M-LOOP/V2/3D_Hanle_Sweep_770.123893_uW_5.089815_GHz_124.579175_C_21_02_21_%5B060703%5D",124.579175,770.123893,5.089815
"https://raw.githubusercontent.com/rach6230/Dash_app_Systematic_Testing/main/M-LOOP/V2/3D_Hanle_Sweep_770.694956_uW_4.66464_GHz_104.3499_C_21_02_20_%5B191539%5D",104.3499,770.694956,4.66464
"https://raw.githubusercontent.com/rach6230/Dash_app_Systematic_Testing/main/M-LOOP/V2/3D_Hanle_Sweep_776.01485_uW_7.611752_GHz_110.5506_C_21_02_21_%5B013446%5D",110.5506,776.01485,7.611752
"https://raw.githubusercontent.com/rach6230/Dash_app_Systematic_Testing/main/M-LOOP/V2/3D_Hanle_Sweep_778.319628_uW_7.655366_GHz_116.730975_C_21_02_20_%5B225530%5D",116.730975,778.319628,7.655366
"https://raw.githubusercontent.com/rach6230/Dash_app_Systematic_Testing/main/M-LOOP/V2/3D_Hanle_Sweep_782.002937_uW_7.349593_GHz_108.62435_C_21_02_20_%5B234051%5D",108.62435,782.002937,7.349593
"https://raw.githubusercontent.com/rach6230/Dash_app_Systematic_Testing/main/M-LOOP/V2/3D_Hanle_Sweep_782.069417_uW_3.780295_GHz_102.487375_C_21_02_21_%5B191533%5D",102.487375,782.069417,3.780295
"https://raw.githubusercontent.com/rach6230/Dash_app_Systematic_Testing/main/M-LOOP/V2/3D_Hanle_Sweep_782.070193_uW_4.37598_GHz_99.339275_C_21_02_21_%5B114359%5D",99.339275,782.070193,4.37598
"https://raw.githubusercontent.com/rach6230/Dash_app_Systematic_Testing/main/M-LOOP/V2/3D_Hanle_Sweep_782.070201_uW_4.38341_GHz_99.113425_C_21_02_21_%5B150207%5D",99.113425,782.070201,4.38341
"https://raw.githubusercontent.com/rach6230/Dash_app_Systematic_Testing/main/M-LOOP/V2/3D_Hanle_Sweep_782.070207_uW_3.780295_GHz_102.04905_C_21_02_21_%5B163148%5D",102.04905,782.070207,3.780295
"https://raw.githubusercontent.com/rach6230/Dash_app_Systematic_Testing/main/M-LOOP/V2/3D_Hanle_Sweep_782.070207_uW_3.780295_GHz_102.180025_C_21_02_21_%5B183600%5D",102.180025,782.070207,3.780295
"https://raw.githubusercontent.com/rach6230/Dash_app_Systematic_Testing/main/M-LOOP/V2/3D_Hanle_Sweep_782.070207_uW_3.780295_GHz_102.2296_C_21_02_21_%5B171452%5D",102.2296,782.070207,3.780295
"https://raw.githubusercontent.com/rach6230/Dash_app_Systematic_Testing/main/M-LOOP/V2/3D_Hanle_Sweep_782.070207_uW_3.780295_GHz_102.53515_C_21_02_21_%5B182019%5D",102.53515,782.070207,3.780295
"https://raw.githubusercontent.com/rach6230/Dash_app_Systematic_Testing/main/M-LOOP/V2/3D_Hanle_Sweep_782.070207_uW_3.780295_GHz_102.816175_C_21_02_21_%5B164755%5D",102.816175,782.070207,3.780295
"https://raw.githubusercontent.com/rach6230/Dash_app_Systematic_Testing/main/M-LOOP/V2/3D_Hanle_Sweep_782.070207_uW_3.780295_GHz_105.500825_C_21_02_20_%5B232938%5D",105.500825,782.070207,3.780295
"https://raw.githubusercontent.com/rach6230/Dash_app_Systematic_Testing/main/M-LOOP/V2/3D_Hanle_Sweep_782.070207_uW_3.780295_GHz_105.573075_C_21_02_21_%5B005336%5D",105.573075,782.070207,3.780295
"https://raw.githubusercontent.com/rach6230/Dash_app_Systematic_Testing/main/M-LOOP/V2/3D_Hanle_Sweep_782.070207_uW_3.780295_GHz_105.7448_C_21_02_21_%5B024813%5D",105.7448,782.070207,3.780295
"https://raw.githubusercontent.com/rach6230/Dash_app_Systematic_Testing/main/M-LOOP/V2/3D_Hanle_Sweep_782.070207_uW_3.780295_GHz_105.755875_C_21_02_21_%5B050252%5D",105.755875,782.070207,3.780295
"https://raw.githubusercontent.com/rach6230/Dash_app_Systematic_Testing/main/M-LOOP/V2/3D_Hanle_Sweep_782.070207_uW_3.780295_GHz_105.773075_C_21_02_21_%5B041018%5D",105.773075,782.070207,3.780295
"https://raw.githubusercontent.com/rach6230/Dash_app_Systematic_Testing/main/M-LOOP/V2/3D_Hanle_Sweep_782.070207_uW_3.780295_GHz_105.839625_C_21_02_21_%5B023259%5D",105.839625,782.070207,3.780295
"https://raw.githubusercontent.com/rach6230/Dash_app_Systematic_Testing/main/M-LOOP/V2/3D_Hanle_Sweep_782.070207_uW_3.780295_GHz_106.033_C_21_02_21_%5B022057%5D",106.033,782.070207,3.780295
"https://raw.githubusercontent.com/rach6230/Dash_app_Systematic_Testing/main/M-LOOP/V2/3D_Hanle_Sweep_782.070207_uW_3.780295_GHz_106.078475_C_21_02_21_%5B031541%5D",106.078475,782.070207,3.780295
"https://raw.githubusercontent.com/rach6230/Dash_app_Systematic_Testing/main/M-LOOP/V2/3D_Hanle_Sweep_782.070207_uW_3.780295_GHz_106.3232_C_21_02_21_%5B034327%5D",106.3232,782.070207,3.780295
"https://raw.githubusercontent.com/rach6230/Dash_app_Systematic_Testing/main/M-LOOP/V2/3D_Hanle_Sweep_782.070207_uW_3.780295_GHz_106.541275_C_21_02_21_%5B012246%5D",106.541275,782.070207,3.780295
"https://raw.githubusercontent.com/rach6230/Dash_app_Systematic_Testing/main/M-LOOP/V2/3D_Hanle_Sweep_782.070207_uW_3.780295_GHz_106.542225_C_21_02_21_%5B043652%5D",106.542225,782.070207,3.780295
"https://raw.githubusercontent.com/rach6230/Dash_app_Systematic_Testing/main/M-LOOP/V2/3D_Hanle_Sweep_782.070207_uW_3.780295_GHz_106.582825_C_21_02_21_%5B000641%5D",106.582825,782.070207,3.780295
"https://raw.githubusercontent.com/rach6230/Dash_app_Systematic_Testing/main/M-LOOP/V2/3D_Hanle_Sweep_782.070207_uW_3.780295_GHz_106.792125_C_21_02_21_%5B015059%5D",106.792125,782.070207,3.780295
"https://raw.githubusercontent.com/rach6230/Dash_app_Systematic_Testing/main/M-LOOP/V2/3D_Hanle_Sweep_782.070207_uW_3.780295_GHz_106.8077_C_21_02_21_%5B053307%5D",106.8077,782.070207,3.780295
"https://raw.githubusercontent.com/rach6230/Dash_app_Systematic_Testing/main/M-LOOP/V2/3D_Hanle_Sweep_782.070207_uW_3.780299_GHz_105.5191_C_21_02_20_%5B223250%5D",105.5191,782.070207,3.780299
"https://raw.githubusercontent.com/rach6230/Dash_app_Systematic_Testing/main/M-LOOP/V2/3D_Hanle_Sweep_782.070207_uW_5.568631_GHz_100.332625_C_21_02_21_%5B142033%5D",100.332625,782.070207,5.568631
"https://raw.githubusercontent.com/rach6230/Dash_app_Systematic_Testing/main/M-LOOP/V2/3D_Hanle_Sweep_782.070207_uW_7.780295_GHz_99.145825_C_21_02_21_%5B151809%5D",99.145825,782.070207,7.780295
"https://raw.githubusercontent.com/rach6230/Dash_app_Systematic_Testing/main/M-LOOP/V2/3D_Hanle_Sweep_782.070208_uW_3.780295_GHz_102.420075_C_21_02_21_%5B190351%5D",102.420075,782.070208,3.780295
"https://raw.githubusercontent.com/rach6230/Dash_app_Systematic_Testing/main/M-LOOP/V2/3D_Hanle_Sweep_782.070208_uW_3.780295_GHz_102.6933_C_21_02_21_%5B174245%5D",102.6933,782.070208,3.780295
"https://raw.githubusercontent.com/rach6230/Dash_app_Systematic_Testing/main/M-LOOP/V2/3D_Hanle_Sweep_782.070208_uW_3.780295_GHz_103.0575_C_21_02_21_%5B193154%5D",103.0575,782.070208,3.780295
"https://raw.githubusercontent.com/rach6230/Dash_app_Systematic_Testing/main/M-LOOP/V2/3D_Hanle_Sweep_782.070208_uW_4.350274_GHz_100.48495_C_21_02_21_%5B140722%5D",100.48495,782.070208,4.350274
"https://raw.githubusercontent.com/rach6230/Dash_app_Systematic_Testing/main/M-LOOP/V2/3D_Hanle_Sweep_782.070211_uW_3.780295_GHz_99.898775_C_21_02_21_%5B201259%5D",99.898775,782.070211,3.780295
"https://raw.githubusercontent.com/rach6230/Dash_app_Systematic_Testing/main/M-LOOP/V2/3D_Hanle_Sweep_782.070218_uW_3.780295_GHz_102.509775_C_21_02_21_%5B194545%5D",102.509775,782.070218,3.780295
"https://raw.githubusercontent.com/rach6230/Dash_app_Systematic_Testing/main/M-LOOP/V2/3D_Hanle_Sweep_782.070219_uW_3.780295_GHz_101.312875_C_21_02_21_%5B184815%5D",101.312875,782.070219,3.780295
"https://raw.githubusercontent.com/rach6230/Dash_app_Systematic_Testing/main/M-LOOP/V2/3D_Hanle_Sweep_782.070233_uW_4.465833_GHz_99.9759_C_21_02_21_%5B162112%5D",99.9759,782.070233,4.465833
"https://raw.githubusercontent.com/rach6230/Dash_app_Systematic_Testing/main/M-LOOP/V2/3D_Hanle_Sweep_782.070276_uW_6.04014_GHz_96.4708_C_21_02_21_%5B160509%5D",96.4708,782.070276,6.04014
"https://raw.githubusercontent.com/rach6230/Dash_app_Systematic_Testing/main/M-LOOP/V2/3D_Hanle_Sweep_782.070287_uW_5.662481_GHz_99.9623_C_21_02_21_%5B120214%5D",99.9623,782.070287,5.662481
"https://raw.githubusercontent.com/rach6230/Dash_app_Systematic_Testing/main/M-LOOP/V2/3D_Hanle_Sweep_782.0702_uW_4.351759_GHz_99.843475_C_21_02_21_%5B124514%5D",99.843475,782.0702,4.351759
"https://raw.githubusercontent.com/rach6230/Dash_app_Systematic_Testing/main/M-LOOP/V2/3D_Hanle_Sweep_782.070348_uW_5.655773_GHz_99.423625_C_21_02_21_%5B132307%5D",99.423625,782.070348,5.655773
"https://raw.githubusercontent.com/rach6230/Dash_app_Systematic_Testing/main/M-LOOP/V2/3D_Hanle_Sweep_782.070351_uW_5.596755_GHz_100.0945_C_21_02_21_%5B144642%5D",100.0945,782.070351,5.596755
"https://raw.githubusercontent.com/rach6230/Dash_app_Systematic_Testing/main/M-LOOP/V2/3D_Hanle_Sweep_782.070418_uW_3.780295_GHz_99.845125_C_21_02_21_%5B202342%5D",99.845125,782.070418,3.780295
"https://raw.githubusercontent.com/rach6230/Dash_app_Systematic_Testing/main/M-LOOP/V2/3D_Hanle_Sweep_782.070593_uW_3.780295_GHz_106.0054_C_21_02_21_%5B054810%5D",106.0054,782.070593,3.780295
"https://raw.githubusercontent.com/rach6230/Dash_app_Systematic_Testing/main/M-LOOP/V2/3D_Hanle_Sweep_782.070784_uW_3.780295_GHz_107.0588_C_21_02_21_%5B054321%5D",107.0588,782.070784,3.780295
"https://raw.githubusercontent.com/rach6230/Dash_app_Systematic_Testing/main/M-LOOP/V2/3D_Hanle_Sweep_782.085072_uW_2.398031_GHz_106.856075_C_21_02_21_%5B055830%5D",106.856075,782.085072,2.398031
"https://raw.githubusercontent.com/rach6230/Dash_app_Systematic_Testing/main/M-LOOP/V2/3D_Hanle_Sweep_782.968546_uW_3.937028_GHz_115.95455_C_21_02_21_%5B055339%5D",115.95455,782.968546,3.937028
"https://raw.githubusercontent.com/rach6230/Dash_app_Systematic_Testing/main/M-LOOP/V2/3D_Hanle_Sweep_783.353611_uW_7.780295_GHz_100.134625_C_21_02_21_%5B120732%5D",100.134625,783.353611,7.780295
"https://raw.githubusercontent.com/rach6230/Dash_app_Systematic_Testing/main/M-LOOP/V2/3D_Hanle_Sweep_783.485286_uW_7.713572_GHz_108.4018_C_21_02_21_%5B051747%5D",108.4018,783.485286,7.713572
"https://raw.githubusercontent.com/rach6230/Dash_app_Systematic_Testing/main/M-LOOP/V2/3D_Hanle_Sweep_783.515089_uW_5.157115_GHz_102.2876_C_21_02_21_%5B175329%5D",102.2876,783.515089,5.157115
"https://raw.githubusercontent.com/rach6230/Dash_app_Systematic_Testing/main/M-LOOP/V2/3D_Hanle_Sweep_783.6054_uW_0.038341_GHz_102.325575_C_21_02_21_%5B172704%5D",102.325575,783.6054,0.038341
"https://raw.githubusercontent.com/rach6230/Dash_app_Systematic_Testing/main/M-LOOP/V2/3D_Hanle_Sweep_784.037384_uW_3.133098_GHz_105.22095_C_21_02_21_%5B062900%5D",105.22095,784.037384,3.133098
"https://raw.githubusercontent.com/rach6230/Dash_app_Systematic_Testing/main/M-LOOP/V2/3D_Hanle_Sweep_784.135858_uW_3.858474_GHz_105.08575_C_21_02_21_%5B070412%5D",105.08575,784.135858,3.858474
"https://raw.githubusercontent.com/rach6230/Dash_app_Systematic_Testing/main/M-LOOP/V2/3D_Hanle_Sweep_784.21168_uW_4.49774_GHz_114.02825_C_21_02_21_%5B002208%5D",114.02825,784.21168,4.49774
"https://raw.githubusercontent.com/rach6230/Dash_app_Systematic_Testing/main/M-LOOP/V2/3D_Hanle_Sweep_785.380457_uW_4.366862_GHz_99.168975_C_21_02_21_%5B121809%5D",99.168975,785.380457,4.366862
"https://raw.githubusercontent.com/rach6230/Dash_app_Systematic_Testing/main/M-LOOP/V2/3D_Hanle_Sweep_785.910158_uW_1.247052_GHz_99.828325_C_21_02_20_%5B215059%5D",99.828325,785.910158,1.247052
"https://raw.githubusercontent.com/rach6230/Dash_app_Systematic_Testing/main/M-LOOP/V2/3D_Hanle_Sweep_785.981761_uW_2.445616_GHz_100.39405_C_21_02_21_%5B020507%5D",100.39405,785.981761,2.445616
"https://raw.githubusercontent.com/rach6230/Dash_app_Systematic_Testing/main/M-LOOP/V2/3D_Hanle_Sweep_786.619516_uW_5.594396_GHz_99.679025_C_21_02_21_%5B135200%5D",99.679025,786.619516,5.594396
"https://raw.githubusercontent.com/rach6230/Dash_app_Systematic_Testing/main/M-LOOP/V2/3D_Hanle_Sweep_786.714492_uW_5.718139_GHz_105.4906_C_21_02_20_%5B235615%5D",105.4906,786.714492,5.718139
"https://raw.githubusercontent.com/rach6230/Dash_app_Systematic_Testing/main/M-LOOP/V2/3D_Hanle_Sweep_786.861807_uW_0.003211_GHz_101.997275_C_21_02_21_%5B061148%5D",101.997275,786.861807,0.003211
"https://raw.githubusercontent.com/rach6230/Dash_app_Systematic_Testing/main/M-LOOP/V2/3D_Hanle_Sweep_787.040849_uW_1.874287_GHz_105.219675_C_21_02_21_%5B064816%5D",105.219675,787.040849,1.874287
"https://raw.githubusercontent.com/rach6230/Dash_app_Systematic_Testing/main/M-LOOP/V2/3D_Hanle_Sweep_787.451358_uW_4.368123_GHz_102.246425_C_21_02_21_%5B044738%5D",102.246425,787.451358,4.368123
"https://raw.githubusercontent.com/rach6230/Dash_app_Systematic_Testing/main/M-LOOP/V2/3D_Hanle_Sweep_787.601198_uW_0.207_GHz_99.568025_C_21_02_21_%5B201818%5D",99.568025,787.601198,0.207
"https://raw.githubusercontent.com/rach6230/Dash_app_Systematic_Testing/main/M-LOOP/V2/3D_Hanle_Sweep_788.046703_uW_5.610959_GHz_99.88665_C_21_02_21_%5B125619%5D",99.88665,788.046703,5.610959
"https://raw.githubusercontent.com/rach6230/Dash_app_Systematic_Testing/main/M-LOOP/V2/3D_Hanle_Sweep_789.118494_uW_7.780295_GHz_99.873075_C_21_02_21_%5B113328%5D",99.873075,789.118494,7.780295
"https://raw.githubusercontent.com/rach6230/Dash_app_Systematic_Testing/main/M-LOOP/V2/3D_Hanle_Sweep_790.075239_uW_4.758619_GHz_99.74485_C_21_02_20_%5B205800%5D",99.74485,790.075239,4.758619
"https://raw.githubusercontent.com/rach6230/Dash_app_Systematic_Testing/main/M-LOOP/V2/3D_Hanle_Sweep_790.87282_uW_4.307379_GHz_100.5904_C_21_02_21_%5B131158%5D",100.5904,790.87282,4.307379
"https://raw.githubusercontent.com/rach6230/Dash_app_Systematic_Testing/main/M-LOOP/V2/3D_Hanle_Sweep_791.9246_uW_6.320287_GHz_100.1269_C_21_02_21_%5B182530%5D",100.1269,791.9246,6.320287
"https://raw.githubusercontent.com/rach6230/Dash_app_Systematic_Testing/main/M-LOOP/V2/3D_Hanle_Sweep_792.173417_uW_0.979071_GHz_105.496775_C_21_02_20_%5B202127%5D",105.496775,792.173417,0.979071
"https://raw.githubusercontent.com/rach6230/Dash_app_Systematic_Testing/main/M-LOOP/V2/3D_Hanle_Sweep_792.173417_uW_0.979105_GHz_105.5402_C_21_02_20_%5B204720%5D",105.5402,792.173417,0.979105
"https://raw.githubusercontent.com/rach6230/Dash_app_Systematic_Testing/main/M-LOOP/V2/3D_Hanle_Sweep_792.173417_uW_0.979154_GHz_105.0691_C_21_02_20_%5B211349%5D",105.0691,792.173417,0.979154
"https://raw.githubusercontent.com/rach6230/Dash_app_Systematic_Testing/main/M-LOOP/V2/3D_Hanle_Sweep_792.173418_uW_0.979094_GHz_105.802425_C_21_02_20_%5B221658%5D",105.802425,792.173418,0.979094
"https://raw.githubusercontent.com/rach6230/Dash_app_Systematic_Testing/main/M-LOOP/V2/3D_Hanle_Sweep_792.212849_uW_3.102404_GHz_103.044425_C_21_02_20_%5B213935%5D",103.044425,792.212849,3.102404
"https://raw.githubusercontent.com/rach6230/Dash_app_Systematic_Testing/main/M-LOOP/V2/3D_Hanle_Sweep_792.320527_uW_1.242639_GHz_115.8647_C_21_02_20_%5B203214%5D",115.8647,792.320527,1.242639
"https://raw.githubusercontent.com/rach6230/Dash_app_Systematic_Testing/main/M-LOOP/V2/3D_Hanle_Sweep_792.787952_uW_7.575198_GHz_100.1425_C_21_02_21_%5B200123%5D",100.1425,792.787952,7.575198
"https://raw.githubusercontent.com/rach6230/Dash_app_Systematic_Testing/main/M-LOOP/V2/3D_Hanle_Sweep_792.92293_uW_5.766637_GHz_99.60255_C_21_02_21_%5B122931%5D",99.60255,792.92293,5.766637
"https://raw.githubusercontent.com/rach6230/Dash_app_Systematic_Testing/main/M-LOOP/V2/3D_Hanle_Sweep_793.261391_uW_6.431449_GHz_108.11985_C_21_02_21_%5B035411%5D",108.11985,793.261391,6.431449
"https://raw.githubusercontent.com/rach6230/Dash_app_Systematic_Testing/main/M-LOOP/V2/3D_Hanle_Sweep_794.671574_uW_4.435085_GHz_98.596825_C_21_02_21_%5B155419%5D",98.596825,794.671574,4.435085
"https://raw.githubusercontent.com/rach6230/Dash_app_Systematic_Testing/main/M-LOOP/V2/3D_Hanle_Sweep_794.753548_uW_5.862411_GHz_99.621125_C_21_02_21_%5B153850%5D",99.621125,794.753548,5.862411
"https://raw.githubusercontent.com/rach6230/Dash_app_Systematic_Testing/main/M-LOOP/V2/3D_Hanle_Sweep_794.927392_uW_5.644496_GHz_99.76835_C_21_02_21_%5B151256%5D",99.76835,794.927392,5.644496
"https://raw.githubusercontent.com/rach6230/Dash_app_Systematic_Testing/main/M-LOOP/V2/3D_Hanle_Sweep_795.539487_uW_7.780295_GHz_100.360725_C_21_02_21_%5B123449%5D",100.360725,795.539487,7.780295
"https://raw.githubusercontent.com/rach6230/Dash_app_Systematic_Testing/main/M-LOOP/V2/3D_Hanle_Sweep_795.624459_uW_4.431201_GHz_99.644375_C_21_02_21_%5B152819%5D",99.644375,795.624459,4.431201
"https://raw.githubusercontent.com/rach6230/Dash_app_Systematic_Testing/main/M-LOOP/V2/3D_Hanle_Sweep_796.054775_uW_4.355107_GHz_98.59225_C_21_02_21_%5B143608%5D",98.59225,796.054775,4.355107
"https://raw.githubusercontent.com/rach6230/Dash_app_Systematic_Testing/main/M-LOOP/V2/3D_Hanle_Sweep_796.641243_uW_2.653417_GHz_103.274775_C_21_02_20_%5B230023%5D",103.274775,796.641243,2.653417
"https://raw.githubusercontent.com/rach6230/Dash_app_Systematic_Testing/main/M-LOOP/V2/3D_Hanle_Sweep_797.424488_uW_4.346413_GHz_99.796675_C_21_02_21_%5B133846%5D",99.796675,797.424488,4.346413
"https://raw.githubusercontent.com/rach6230/Dash_app_Systematic_Testing/main/M-LOOP/V2/3D_Hanle_Sweep_797.513472_uW_4.271933_GHz_112.730875_C_21_02_21_%5B042116%5D",112.730875,797.513472,4.271933
"https://raw.githubusercontent.com/rach6230/Dash_app_Systematic_Testing/main/M-LOOP/V2/3D_Hanle_Sweep_797.665788_uW_7.780295_GHz_100.214375_C_21_02_21_%5B123954%5D",100.214375,797.665788,7.780295
"https://raw.githubusercontent.com/rach6230/Dash_app_Systematic_Testing/main/M-LOOP/V2/3D_Hanle_Sweep_797.716491_uW_5.737277_GHz_99.871675_C_21_02_21_%5B112818%5D",99.871675,797.716491,5.737277
"https://raw.githubusercontent.com/rach6230/Dash_app_Systematic_Testing/main/M-LOOP/V2/3D_Hanle_Sweep_798.217214_uW_1.816601_GHz_102.67135_C_21_02_21_%5B180913%5D",102.67135,798.217214,1.816601
"https://raw.githubusercontent.com/rach6230/Dash_app_Systematic_Testing/main/M-LOOP/V2/3D_Hanle_Sweep_798.415497_uW_1.59605_GHz_118.208625_C_21_02_21_%5B191027%5D",118.208625,798.415497,1.59605
"https://raw.githubusercontent.com/rach6230/Dash_app_Systematic_Testing/main/M-LOOP/V2/3D_Hanle_Sweep_798.415497_uW_5.735369_GHz_110.43655_C_21_02_20_%5B182201%5D",110.43655,798.415497,5.735369
"https://raw.githubusercontent.com/rach6230/Dash_app_Systematic_Testing/main/M-LOOP/V2/3D_Hanle_Sweep_798.462616_uW_6.373642_GHz_101.187275_C_21_02_21_%5B165858%5D",101.187275,798.462616,6.373642
"https://raw.githubusercontent.com/rach6230/Dash_app_Systematic_Testing/main/M-LOOP/V2/3D_Hanle_Sweep_798.728553_uW_7.780295_GHz_100.597375_C_21_02_21_%5B132818%5D",100.597375,798.728553,7.780295
"https://raw.githubusercontent.com/rach6230/Dash_app_Systematic_Testing/main/M-LOOP/V2/3D_Hanle_Sweep_798.932828_uW_1.206689_GHz_106.7603_C_21_02_21_%5B032827%5D",106.7603,798.932828,1.206689
"https://raw.githubusercontent.com/rach6230/Dash_app_Systematic_Testing/main/M-LOOP/V2/3D_Hanle_Sweep_799.017223_uW_5.893509_GHz_104.9622_C_21_02_20_%5B182645%5D",104.9622,799.017223,5.893509
"https://raw.githubusercontent.com/rach6230/Dash_app_Systematic_Testing/main/M-LOOP/V2/3D_Hanle_Sweep_799.017223_uW_5.893509_GHz_105.809225_C_21_02_20_%5B175559%5D",105.809225,799.017223,5.893509
"https://raw.githubusercontent.com/rach6230/Dash_app_Systematic_Testing/main/M-LOOP/V2/3D_Hanle_Sweep_799.017223_uW_5.893509_GHz_106.4743_C_21_02_20_%5B184111%5D",106.4743,799.017223,5.893509
"https://raw.githubusercontent.com/rach6230/Dash_app_Systematic_Testing/main/M-LOOP/V2/3D_Hanle_Sweep_799.017223_uW_5.893515_GHz_105.52945_C_21_02_20_%5B185055%5D",105.52945,799.017223,5.893515
"https://raw.githubusercontent.com/rach6230/Dash_app_Systematic_Testing/main/M-LOOP/V2/3D_Hanle_Sweep_799.017223_uW_5.893516_GHz_106.430375_C_21_02_20_%5B190527%5D",106.430375,799.017223,5.893516
"https://raw.githubusercontent.com/rach6230/Dash_app_Systematic_Testing/main/M-LOOP/V2/3D_Hanle_Sweep_799.017223_uW_5.893519_GHz_105.265425_C_21_02_20_%5B183134%5D",105.265425,799.017223,5.893519
"https://raw.githubusercontent.com/rach6230/Dash_app_Systematic_Testing/main/M-LOOP/V2/3D_Hanle_Sweep_799.017223_uW_5.893519_GHz_105.4612_C_21_02_20_%5B193120%5D",105.4612,799.017223,5.893519
"https://raw.githubusercontent.com/rach6230/Dash_app_Systematic_Testing/main/M-LOOP/V2/3D_Hanle_Sweep_799.017223_uW_5.89353_GHz_106.239825_C_21_02_20_%5B183622%5D",106.239825,799.017223,5.89353
"https://raw.githubusercontent.com/rach6230/Dash_app_Systematic_Testing/main/M-LOOP/V2/3D_Hanle_Sweep_799.017223_uW_5.893687_GHz_106.106675_C_21_02_20_%5B185543%5D",106.106675,799.017223,5.893687
"https://raw.githubusercontent.com/rach6230/Dash_app_Systematic_Testing/main/M-LOOP/V2/3D_Hanle_Sweep_799.017223_uW_6.690696_GHz_106.437475_C_21_02_20_%5B190035%5D",106.437475,799.017223,6.690696
"https://raw.githubusercontent.com/rach6230/Dash_app_Systematic_Testing/main/M-LOOP/V2/3D_Hanle_Sweep_800_uW_0.755962_GHz_118.535125_C_21_02_21_%5B065405%5D",118.535125,800,0.755962
"https://raw.githubusercontent.com/rach6230/Dash_app_Systematic_Testing/main/M-LOOP/V2/3D_Hanle_Sweep_800_uW_7.780295_GHz_118.474575_C_21_02_21_%5B061817%5D",118.474575,800,7.780295
